# ['label', 'pixel0', 'pixel1', 'pixel2', 'pixel3', 'pixel4', 'pixel5', 'pixel6', 'pixel7', 'pixel8', 'pixel9', 'pixel10', 'pixel11', 'pixel12', 'pixel13', 'pixel14', 'pixel15', 'pixel16', 'pixel17', 'pixel18', 'pixel19', 'pixel20', 'pixel21', 'pixel22', 'pixel23', 'pixel24', 'pixel25', 'pixel26', 'pixel27', 'pixel28', 'pixel29', 'pixel30', 'pixel31', 'pixel32', 'pixel33', 'pixel34', 'pixel35', 'pixel36', 'pixel37', 'pixel38', 'pixel39', 'pixel40', 'pixel41', 'pixel42', 'pixel43', 'pixel44', 'pixel45', 'pixel46', 'pixel47', 'pixel48', 'pixel49', 'pixel50', 'pixel51', 'pixel52', 'pixel53', 'pixel54', 'pixel55', 'pixel56', 'pixel57', 'pixel58', 'pixel59', 'pixel60', 'pixel61', 'pixel62', 'pixel63', 'pixel64', 'pixel65', 'pixel66', 'pixel67', 'pixel68', 'pixel69', 'pixel70', 'pixel71', 'pixel72', 'pixel73', 'pixel74', 'pixel75', 'pixel76', 'pixel77', 'pixel78', 'pixel79', 'pixel80', 'pixel81', 'pixel82', 'pixel83', 'pixel84', 'pixel85', 'pixel86', 'pixel87', 'pixel88', 'pixel89', 'pixel90', 'pixel91', 'pixel92', 'pixel93', 'pixel94', 'pixel95', 'pixel96', 'pixel97', 'pixel98', 'pixel99', 'pixel100', 'pixel101', 'pixel102', 'pixel103', 'pixel104', 'pixel105', 'pixel106', 'pixel107', 'pixel108', 'pixel109', 'pixel110', 'pixel111', 'pixel112', 'pixel113', 'pixel114', 'pixel115', 'pixel116', 'pixel117', 'pixel118', 'pixel119', 'pixel120', 'pixel121', 'pixel122', 'pixel123', 'pixel124', 'pixel125', 'pixel126', 'pixel127', 'pixel128', 'pixel129', 'pixel130', 'pixel131', 'pixel132', 'pixel133', 'pixel134', 'pixel135', 'pixel136', 'pixel137', 'pixel138', 'pixel139', 'pixel140', 'pixel141', 'pixel142', 'pixel143', 'pixel144', 'pixel145', 'pixel146', 'pixel147', 'pixel148', 'pixel149', 'pixel150', 'pixel151', 'pixel152', 'pixel153', 'pixel154', 'pixel155', 'pixel156', 'pixel157', 'pixel158', 'pixel159', 'pixel160', 'pixel161', 'pixel162', 'pixel163', 'pixel164', 'pixel165', 'pixel166', 'pixel167', 'pixel168', 'pixel169', 'pixel170', 'pixel171', 'pixel172', 'pixel173', 'pixel174', 'pixel175', 'pixel176', 'pixel177', 'pixel178', 'pixel179', 'pixel180', 'pixel181', 'pixel182', 'pixel183', 'pixel184', 'pixel185', 'pixel186', 'pixel187', 'pixel188', 'pixel189', 'pixel190', 'pixel191', 'pixel192', 'pixel193', 'pixel194', 'pixel195', 'pixel196', 'pixel197', 'pixel198', 'pixel199', 'pixel200', 'pixel201', 'pixel202', 'pixel203', 'pixel204', 'pixel205', 'pixel206', 'pixel207', 'pixel208', 'pixel209', 'pixel210', 'pixel211', 'pixel212', 'pixel213', 'pixel214', 'pixel215', 'pixel216', 'pixel217', 'pixel218', 'pixel219', 'pixel220', 'pixel221', 'pixel222', 'pixel223', 'pixel224', 'pixel225', 'pixel226', 'pixel227', 'pixel228', 'pixel229', 'pixel230', 'pixel231', 'pixel232', 'pixel233', 'pixel234', 'pixel235', 'pixel236', 'pixel237', 'pixel238', 'pixel239', 'pixel240', 'pixel241', 'pixel242', 'pixel243', 'pixel244', 'pixel245', 'pixel246', 'pixel247', 'pixel248', 'pixel249', 'pixel250', 'pixel251', 'pixel252', 'pixel253', 'pixel254', 'pixel255']
6.00000,0.04977,0.05192,0.00484,0.20052,0.21556,0.00000,0.00000,0.09880,1.00000,0.03014,0.31768,0.03506,0.00000,0.04034,0.07378,0.14593,0.03014,0.03298,0.12101,0.05222,0.08195,0.06797,0.03208,1.00000,1.00000,0.04859,0.10447,0.05527,0.00000,0.15930,0.16854,0.17282,0.00000,0.04250,0.02335,0.00000,0.07672,0.27769,0.13584,1.00000,1.00000,0.04856,0.00000,0.22715,0.21516,0.15720,0.14384,0.04816,0.10725,0.00000,0.03815,0.06095,0.04867,0.11686,1.00000,1.00000,1.00000,0.06003,0.00000,0.00523,0.06519,0.07316,0.00000,0.13496,0.14938,0.11111,0.00000,0.15715,0.11778,1.00000,1.00000,0.97539,0.14270,0.26835,0.08689,0.17553,0.24873,0.00000,0.00000,0.28572,0.19981,0.22630,0.09461,0.06588,1.00000,1.00000,1.00000,0.00000,0.14210,0.08079,0.09894,0.00000,0.11789,0.18308,0.09885,0.12653,0.04251,0.21678,0.04507,0.07648,1.00000,1.00000,0.33133,0.13980,0.07080,0.11464,0.15754,0.12332,0.07220,0.06823,0.01578,0.00000,0.05339,0.00000,0.21456,1.00000,1.00000,1.00000,0.00000,0.00000,0.10657,0.00000,1.00000,1.00000,1.00000,0.17478,0.16385,0.09700,0.10513,0.20850,1.00000,1.00000,1.00000,0.09376,0.00405,0.05531,0.16464,0.98295,1.00000,1.00000,0.91582,1.00000,0.19406,0.18394,0.25675,0.04387,0.96398,0.99984,1.00000,0.00000,0.09566,1.00000,1.00000,1.00000,1.00000,1.00000,1.00000,1.00000,0.02111,0.19706,0.10487,0.16371,0.99062,1.00000,1.00000,0.07230,1.00000,1.00000,1.00000,0.13279,0.00000,1.00000,1.00000,0.91649,0.26883,0.06535,0.13424,0.04992,1.00000,1.00000,1.00000,1.00000,1.00000,1.00000,0.15513,0.28338,0.22543,1.00000,1.00000,0.03267,0.22409,0.10175,0.18450,0.21685,0.96134,0.96011,1.00000,1.00000,1.00000,1.00000,0.98061,1.00000,1.00000,1.00000,1.00000,0.25201,0.14320,0.00000,0.11153,0.02354,0.14914,1.00000,0.98401,1.00000,1.00000,0.97503,1.00000,0.94463,1.00000,1.00000,0.25681,0.13902,0.19760,0.00000,0.22344,0.20172,0.07592,0.00000,1.00000,0.94022,1.00000,1.00000,1.00000,0.90160,0.97734,0.98695,0.13193,0.00503,0.17341,0.22227,0.08111,0.02947,0.22394,0.03309,0.17365,0.12209,1.00000,1.00000,1.00000,0.94807,0.00000,0.08870,0.11303,0.05683,0.24968,0.08688
6.00000,0.00000,0.03607,0.13787,0.00000,0.12251,0.00385,0.15230,0.05446,0.10418,0.08000,0.08895,0.03049,0.10267,0.16931,0.00000,0.18182,0.01108,0.11675,0.00000,0.20465,0.14940,0.92840,1.00000,0.12816,0.00000,0.00000,0.00000,0.02005,0.03027,0.01002,0.00000,0.25631,0.00000,0.16387,0.10930,0.07276,0.03255,0.91895,0.19386,0.00000,0.28488,0.00175,0.00000,0.02392,0.10885,0.00000,0.07972,0.14702,0.02735,0.00162,0.15726,0.15333,0.17999,1.00000,0.09950,0.17644,0.05172,0.15330,0.02539,0.07761,0.18433,0.10784,0.08873,0.24728,0.13062,0.07485,0.11654,0.09235,0.26201,1.00000,0.20244,0.04206,0.19905,0.00000,0.11168,0.06183,0.17786,0.17089,0.08501,0.18780,0.14963,0.00000,0.07850,0.08763,1.00000,1.00000,0.00000,0.06205,0.20800,0.02815,0.97703,1.00000,1.00000,0.17187,0.22596,0.06115,0.36833,0.16456,0.03056,0.27432,1.00000,1.00000,0.09091,0.00182,0.03203,0.15783,1.00000,1.00000,1.00000,0.09659,0.27024,0.10477,0.00000,0.01255,0.00407,0.00000,1.00000,0.19534,0.12482,0.07360,0.11576,0.12048,1.00000,1.00000,1.00000,0.17154,0.22434,0.12287,0.08758,0.22802,0.12652,0.03620,1.00000,0.07403,0.05074,0.23054,0.13257,0.16272,1.00000,1.00000,0.01740,0.13443,0.23508,0.01587,0.04183,0.13894,0.14348,0.28740,1.00000,0.08375,0.04363,0.02248,0.23222,0.05192,1.00000,1.00000,0.17800,0.03444,0.26292,0.00000,0.23163,0.17246,0.26011,1.00000,0.89436,0.04378,0.09934,0.21102,0.22140,1.00000,1.00000,1.00000,0.27670,0.04308,0.07309,0.07821,0.13447,0.13629,0.14191,1.00000,0.00000,0.27586,0.07142,0.28638,0.12174,1.00000,1.00000,1.00000,0.09936,0.00000,0.21761,0.12014,0.13740,0.25622,0.23257,1.00000,0.10249,0.11415,0.13703,0.00000,0.26331,1.00000,0.88565,1.00000,0.00000,0.01686,0.07131,0.19657,0.11107,0.17056,0.15417,1.00000,1.00000,0.14725,0.22909,0.00000,0.23492,1.00000,1.00000,0.00129,0.32957,0.15904,0.21062,0.00000,0.14388,0.16237,0.00000,0.19051,1.00000,1.00000,1.00000,1.00000,1.00000,1.00000,1.00000,0.13742,0.09218,0.00000,0.14031,0.00000,0.17372,0.15452,0.10585,0.13679,0.03757,1.00000,1.00000,0.06564,0.15560,0.23626,0.05501,0.00000,0.10640,0.18306,0.15935,0.12707
6.00000,0.06979,0.00000,0.23117,0.11547,0.00000,0.00555,0.15470,0.00000,0.03666,0.22964,0.00000,0.14336,0.02697,0.00000,0.31823,0.00000,0.00000,0.08891,0.14302,0.08961,0.10414,0.23703,0.00000,0.00000,1.00000,0.00000,0.10314,0.01509,0.08373,0.09973,0.10023,0.06923,0.00000,0.14804,0.00000,0.21159,0.20475,0.00000,0.12710,1.00000,1.00000,0.20722,0.17841,0.02776,0.06679,0.12226,0.15489,0.02978,0.15337,0.07191,0.17301,0.00000,0.08017,0.16820,0.05446,1.00000,0.00000,0.07866,0.08397,0.08961,0.06548,0.11484,0.00619,0.00000,0.06574,0.00000,0.14209,0.19973,0.00000,0.02747,1.00000,1.00000,0.05894,0.26909,0.15783,0.07714,0.08419,0.23490,0.05969,0.03951,0.15814,0.00530,0.07096,0.00000,0.00000,0.10005,0.96332,0.11947,0.13016,0.28727,0.11894,0.21983,0.07880,0.00000,0.12552,0.09075,0.10264,0.20942,0.00000,0.12536,0.00000,1.00000,1.00000,0.00000,0.00000,0.08797,0.14361,0.16757,0.06130,0.00559,0.01600,0.00000,0.16827,0.17352,0.00000,0.12194,0.00000,1.00000,0.13014,0.15355,0.00000,0.09385,0.09620,0.14646,0.17056,0.00000,0.08887,0.22061,0.12801,0.13692,0.17591,0.12207,0.13598,1.00000,0.10442,0.00686,0.19443,0.22219,0.12079,0.24976,0.12667,0.10559,0.00000,0.05883,0.05335,0.08490,0.06877,0.03181,1.00000,1.00000,0.00000,0.18407,0.14346,0.10782,1.00000,0.21831,0.13314,0.06813,0.00000,0.08037,0.07483,0.00000,0.18742,0.12249,0.81679,1.00000,1.00000,0.87235,1.00000,1.00000,1.00000,1.00000,0.09116,0.17425,0.00000,0.06536,0.19061,0.12143,0.04556,0.00000,1.00000,1.00000,1.00000,1.00000,0.99728,0.10717,1.00000,1.00000,1.00000,0.14598,0.07566,0.21469,0.00000,0.25154,0.22335,0.06392,0.94528,1.00000,1.00000,0.00000,0.18057,0.05103,0.15643,1.00000,0.14361,0.00000,0.00000,0.14298,0.04106,0.18621,0.25798,0.01563,1.00000,1.00000,1.00000,1.00000,0.19436,0.22284,1.00000,1.00000,0.00000,0.07906,0.12814,0.02481,0.11960,0.00000,0.00895,0.00000,1.00000,1.00000,1.00000,1.00000,1.00000,1.00000,1.00000,0.21518,0.00000,0.10171,0.00000,0.11753,0.00000,0.17997,0.03814,0.08574,0.17422,0.06137,0.00000,1.00000,1.00000,0.00000,0.12736,0.08860,0.00445,0.16867,0.07529,0.05684
6.00000,0.16429,0.00000,0.19493,0.27735,0.12744,0.13739,0.24236,0.15291,0.00000,0.00000,0.00000,0.07471,0.17432,0.10645,0.16256,0.00544,0.11008,0.03535,0.10564,0.00000,0.10909,0.07340,0.15892,1.00000,1.00000,0.10574,0.13817,0.00000,0.02312,0.28613,0.00000,0.25733,0.16748,0.01071,0.08097,0.16676,0.03217,0.07653,0.11657,1.00000,1.00000,0.19299,0.14061,0.01675,0.00220,0.28195,0.12340,0.09676,0.00000,0.08129,0.15462,0.25378,0.20520,0.19742,1.00000,1.00000,0.17007,0.18231,0.12554,0.00000,0.24376,0.28166,0.13118,0.07517,0.01312,0.00000,0.11532,0.01415,0.03367,0.16928,1.00000,1.00000,0.24669,0.18009,0.00000,0.02962,0.00000,0.06607,0.03614,0.02207,0.06882,0.07071,0.14440,0.17941,0.01066,0.13879,1.00000,0.04967,0.18096,0.02865,0.14486,0.11680,0.12517,0.07498,0.12016,0.34289,0.01368,0.32497,0.24268,0.13515,0.00000,1.00000,1.00000,0.30600,0.00000,0.12240,0.06713,0.13415,0.26004,0.17312,0.10607,0.28718,0.03433,0.10149,0.14112,0.00000,1.00000,1.00000,0.10860,0.00000,0.20782,0.00000,0.00000,0.09709,0.11132,0.10826,0.11378,0.16537,0.12690,0.00000,0.37635,0.18726,0.98773,1.00000,0.07201,0.26298,0.17692,0.04666,1.00000,1.00000,1.00000,0.07554,0.17646,0.02285,0.04761,0.09358,0.21127,1.00000,1.00000,0.20618,0.08127,0.09211,0.24211,1.00000,1.00000,1.00000,1.00000,0.04055,0.20112,0.00000,0.08584,0.09332,0.01441,1.00000,1.00000,0.11886,0.10145,0.07900,1.00000,1.00000,0.10512,1.00000,1.00000,0.00000,0.13310,0.16690,0.23124,0.00000,0.15291,1.00000,1.00000,0.00420,0.00000,1.00000,1.00000,0.14083,0.25452,1.00000,1.00000,0.28650,0.05959,0.03572,0.16991,0.09985,0.07885,1.00000,1.00000,0.37331,1.00000,1.00000,1.00000,1.00000,1.00000,1.00000,0.00000,0.14302,0.12082,0.00000,0.23041,0.24423,0.10768,0.13973,1.00000,1.00000,1.00000,1.00000,1.00000,1.00000,1.00000,0.23857,0.08513,0.05245,0.28054,0.00000,0.05678,0.32741,0.15083,0.22929,0.07318,0.13506,0.98059,1.00000,1.00000,0.17204,0.03512,0.13734,0.00000,0.06505,0.00000,0.13414,0.00000,0.09285,0.06588,0.00000,0.08019,0.11263,0.25783,0.82447,0.03289,0.00000,0.15873,0.10997,0.00211,0.24407,0.02215,0.06182
6.00000,0.10308,0.05505,0.18629,0.22895,0.06330,0.17580,0.00000,0.00000,0.22281,0.26371,0.00000,0.21830,0.20482,0.31517,0.15180,0.00000,0.04713,0.13533,0.15031,0.00000,0.24358,0.22200,0.14416,0.00000,0.95574,1.00000,0.18856,0.02374,0.00000,0.00276,0.00000,0.13096,0.12593,0.00000,0.14888,0.21348,0.00000,0.11399,0.09524,0.02004,1.00000,0.19079,0.00000,0.10737,0.03113,0.05394,0.11734,0.00000,0.11743,0.06386,0.27266,0.14442,0.14090,0.20215,0.16091,1.00000,0.02686,0.25888,0.09463,0.00113,0.09699,0.22057,0.18909,0.14357,0.09201,0.00000,0.10387,0.19935,0.00000,0.30200,0.09269,1.00000,0.07052,0.04913,0.03534,0.08761,0.00000,0.14671,0.00000,0.08884,0.04456,0.12525,0.30415,0.00000,0.02523,0.13837,1.00000,1.00000,0.00000,0.00000,0.03491,0.06445,0.00054,0.15543,0.06061,0.09830,0.05162,0.06575,0.00000,0.01951,0.00000,0.10789,1.00000,0.22260,0.07387,0.21323,0.17051,0.08168,0.18716,0.23025,0.07312,0.03122,0.15656,0.29183,0.02014,0.00000,0.14208,0.00000,1.00000,0.21107,0.03817,0.00000,0.05887,0.00000,0.14966,0.00000,0.00000,0.23341,0.10703,0.07370,0.10668,0.18550,0.16239,0.06804,1.00000,0.07715,0.08089,0.00000,0.21601,0.27997,0.19950,0.12208,0.05673,0.24992,0.00000,0.09951,0.04435,0.00000,0.05106,1.00000,1.00000,0.20162,0.07920,0.13641,0.17597,0.06661,0.00648,0.06697,0.07640,0.17296,0.11750,0.02522,0.02603,0.04010,0.01918,1.00000,1.00000,1.00000,1.00000,0.12356,0.08212,0.03361,0.01418,0.18523,0.06852,0.09139,0.11848,0.00000,0.09965,0.06785,0.12152,0.00000,1.00000,0.86536,0.89706,1.00000,0.00000,0.14830,0.06723,0.08843,0.06273,0.12385,0.00567,0.12945,0.07801,0.06953,0.19887,0.04595,1.00000,1.00000,0.11910,0.05182,0.16999,0.23144,0.03877,0.26497,0.14807,0.00000,0.11883,0.18797,0.13432,0.29187,0.00000,0.19358,0.95114,1.00000,0.22099,1.00000,0.19235,0.09186,0.00000,0.05625,0.21292,0.09644,0.09764,0.16545,0.06722,0.08217,0.10385,0.14006,1.00000,0.94944,1.00000,1.00000,0.00754,0.06114,0.00000,0.14347,0.05634,0.18526,0.00000,0.17081,0.25943,0.10348,0.22018,0.08535,0.18230,1.00000,1.00000,1.00000,0.00000,0.01331,0.00000,0.10144,0.08808,0.14784
6.00000,0.30429,0.05794,0.20968,0.22616,0.15182,0.06145,0.00032,0.00000,0.16625,0.99279,0.19801,0.03813,0.00000,0.17821,0.13013,0.18092,0.00000,0.09215,0.06165,0.32753,0.05045,0.25285,0.01382,0.00977,1.00000,1.00000,0.19934,0.12479,0.28691,0.08848,0.00000,0.00000,0.15123,0.09326,0.08595,0.15946,0.12006,0.08680,0.07922,1.00000,1.00000,1.00000,0.01548,0.21998,0.00000,0.08328,0.10145,0.20959,0.00000,0.00000,0.24049,0.16495,0.07698,0.13637,0.16741,1.00000,0.96635,0.12048,0.09055,0.05855,0.10724,0.10281,0.14001,0.16757,0.04410,0.14327,0.20443,0.11611,0.05436,0.05494,1.00000,1.00000,0.00000,0.06048,0.07099,0.08979,0.09718,0.18113,0.00000,0.28616,0.05714,0.00000,0.10852,0.07078,0.05352,0.20412,1.00000,1.00000,0.20125,0.07889,0.12491,0.16428,0.08757,0.14940,0.00000,0.06445,0.12081,0.16261,0.22614,0.05707,0.23738,0.18531,1.00000,0.01327,0.00000,0.07950,0.08418,0.05763,0.16915,0.07527,0.21946,0.00000,0.49153,0.00000,0.24537,0.06857,0.23490,1.00000,0.96395,0.17227,0.07624,0.00000,0.00000,0.28510,0.20497,0.07054,0.09231,0.08895,0.16159,0.14828,0.03440,0.08583,0.06390,1.00000,1.00000,0.22827,0.00000,0.13962,0.13489,0.19562,0.00368,0.14611,0.13319,0.21086,0.07699,0.00888,0.01428,0.10979,0.10233,1.00000,1.00000,0.08846,0.00000,0.00000,0.13865,0.22073,0.12718,0.01746,0.08361,0.10157,0.00220,0.26327,0.01748,0.09056,0.00000,1.00000,1.00000,0.04990,0.00000,1.00000,0.08344,0.00000,0.29524,0.20817,0.05372,0.21026,0.18988,0.06515,0.02790,0.07654,0.12336,1.00000,0.94048,0.00833,1.00000,1.00000,1.00000,0.19134,0.00000,0.00000,0.06111,0.13287,0.00000,0.00000,0.27002,0.02010,0.01225,0.94086,1.00000,1.00000,1.00000,1.00000,1.00000,0.09358,0.13582,0.00000,0.14662,0.07496,0.02809,0.06295,0.02312,0.07409,0.13968,0.00852,1.00000,1.00000,1.00000,1.00000,1.00000,0.08314,0.00000,0.23939,0.00000,0.01254,0.00000,0.10086,0.04020,0.17334,0.16894,0.20754,1.00000,1.00000,1.00000,1.00000,0.19781,0.08054,0.10138,0.10289,0.00000,0.22071,0.08906,0.13937,0.00000,0.29796,0.11757,0.04475,0.24830,0.96364,1.00000,0.05100,0.10256,0.11894,0.00000,0.20539,0.00000,0.13862
6.00000,0.00052,0.00000,0.07245,0.24879,0.07690,0.10421,0.00000,1.00000,1.00000,0.97433,0.21677,0.11679,0.25030,0.18463,0.13571,0.16057,0.04554,0.05737,0.20021,0.00000,0.16688,0.05492,0.96819,1.00000,0.99632,0.98345,0.10259,0.03875,0.11084,0.00000,0.08081,0.02735,0.14188,0.11576,0.01823,0.24574,0.05260,1.00000,1.00000,1.00000,0.00000,0.20811,0.00000,0.00000,0.03284,0.00000,0.14695,0.10455,0.00000,0.13713,0.15991,0.12651,1.00000,1.00000,1.00000,0.04038,0.09288,0.09184,0.01389,0.12013,0.09553,0.04742,0.11939,0.07037,0.21198,0.00000,0.02988,0.07295,1.00000,0.96280,0.25178,0.10470,0.00000,0.01266,0.13342,0.00000,0.12010,0.12780,0.00000,0.14694,0.15288,0.05889,0.21089,1.00000,1.00000,1.00000,0.19193,0.12845,0.14571,0.10528,0.05254,0.11261,0.05698,0.14893,0.15334,0.18010,0.17587,0.06389,0.17232,1.00000,1.00000,1.00000,0.16724,0.00000,0.08992,0.07600,0.03994,0.00000,0.11465,0.09955,0.05395,0.10662,0.00000,0.14514,0.00000,0.91642,0.99310,0.09124,0.14014,0.15631,0.00000,1.00000,1.00000,1.00000,0.15471,0.32718,0.06733,0.17242,0.00000,0.16073,0.12304,1.00000,0.97658,0.11439,0.20609,1.00000,0.96946,1.00000,1.00000,0.91628,1.00000,0.13169,0.00000,0.14856,0.11620,0.00000,0.15892,1.00000,1.00000,1.00000,1.00000,1.00000,0.00000,0.07579,0.00000,1.00000,1.00000,0.12688,0.08365,0.04145,0.05748,0.00000,0.07583,1.00000,1.00000,1.00000,1.00000,0.00000,0.18664,0.13430,0.19947,1.00000,0.88108,0.04283,0.23763,0.03754,0.05683,0.22230,0.00829,1.00000,1.00000,1.00000,1.00000,0.10808,0.17034,0.00000,0.34071,1.00000,0.98753,0.07036,0.09520,0.17189,0.06479,0.00000,0.13316,1.00000,1.00000,0.97403,1.00000,0.15530,0.02361,0.08089,0.27579,1.00000,0.13586,0.18945,0.01286,0.00000,0.11979,0.00761,0.25228,1.00000,1.00000,1.00000,1.00000,0.18633,0.20220,1.00000,1.00000,0.18219,0.11546,0.00000,0.09310,0.06677,0.02435,0.04845,0.06073,0.00000,1.00000,1.00000,1.00000,1.00000,1.00000,1.00000,0.12888,0.00000,0.25139,0.00000,0.05579,0.12171,0.09863,0.00000,0.04676,0.00419,0.30048,0.94602,1.00000,1.00000,1.00000,0.10483,0.00272,0.17302,0.00000,0.11013,0.07047,0.13301
6.00000,0.00000,0.13135,0.12332,0.12360,0.05437,0.11475,0.38210,0.17248,1.00000,1.00000,1.00000,1.00000,0.13429,0.15912,0.18307,0.14093,0.15051,0.08542,0.01335,0.22261,0.04776,0.12413,1.00000,0.94451,1.00000,1.00000,1.00000,0.93567,1.00000,0.07928,0.25954,0.20506,0.00000,0.20494,0.21069,0.10825,0.04102,1.00000,1.00000,1.00000,0.32102,0.00000,0.00000,0.05716,0.12861,0.07404,0.06896,0.08634,0.00000,0.17666,0.00000,0.01468,1.00000,1.00000,0.10798,0.17188,0.00000,0.10482,0.11192,0.13133,0.02494,0.29887,0.12111,0.35141,0.10701,0.13242,0.00000,1.00000,0.98831,0.11959,0.25181,0.00000,0.05271,0.11161,0.22157,0.16368,0.03795,0.11174,0.07840,0.06843,0.04212,0.04491,0.97322,1.00000,0.98050,0.11812,0.16670,0.05546,0.22736,0.06522,0.20500,0.20727,0.12621,0.17628,0.14056,0.08995,0.00000,0.10664,0.99661,1.00000,0.23368,0.04687,0.00000,0.00210,0.14417,0.23940,0.10728,0.00000,0.00000,0.12341,0.04993,0.06828,0.14904,0.12056,0.93015,0.98423,0.16684,0.24450,0.00002,0.16104,0.20424,0.10865,0.10987,0.06886,0.21165,0.05526,0.05608,0.11116,0.00000,1.00000,1.00000,1.00000,0.11739,0.00000,0.15252,0.11641,0.19844,0.15610,0.01626,0.28132,0.16589,0.23144,0.00000,0.00000,0.08866,1.00000,1.00000,1.00000,0.00000,0.14525,0.14188,0.23259,0.04823,0.00000,0.06013,0.10988,0.00000,0.01580,0.00236,0.04878,0.22321,1.00000,1.00000,1.00000,0.19698,0.08727,0.18016,0.07109,0.35690,0.00000,1.00000,1.00000,1.00000,1.00000,0.00000,0.23998,0.00654,1.00000,1.00000,1.00000,1.00000,0.26536,1.00000,1.00000,1.00000,0.83073,1.00000,1.00000,1.00000,1.00000,1.00000,0.22109,0.09077,0.00000,1.00000,0.95413,1.00000,1.00000,1.00000,1.00000,0.87979,0.04635,0.02315,1.00000,0.84821,1.00000,1.00000,0.08314,0.11410,0.30804,1.00000,1.00000,1.00000,1.00000,1.00000,1.00000,1.00000,1.00000,0.98603,1.00000,1.00000,1.00000,0.15328,0.09269,0.04272,0.13537,0.03204,1.00000,1.00000,1.00000,1.00000,1.00000,1.00000,0.99934,1.00000,1.00000,0.01282,0.00724,0.21077,0.21615,0.23726,0.00000,0.25007,0.19783,1.00000,1.00000,1.00000,0.91317,1.00000,1.00000,0.20276,0.21855,0.19068,0.22020,0.13611,0.05510
6.00000,0.11472,0.03586,0.15596,0.04632,0.13489,0.00000,0.15563,0.21052,0.10014,0.00000,0.00000,0.01333,0.13300,0.17314,0.25171,0.14736,0.05692,0.13604,0.21108,0.30638,0.11965,0.12450,0.10597,0.00000,1.00000,1.00000,0.22860,0.00696,0.11771,0.15050,0.08397,0.00000,0.11442,0.00000,0.00000,0.13442,0.12252,0.05418,0.00000,1.00000,0.98252,0.00000,0.07559,0.26031,0.06289,0.09739,0.02262,0.07283,0.36755,0.04634,0.00000,0.01884,0.14606,0.01813,1.00000,1.00000,0.06711,0.12391,0.12613,0.11255,0.01527,0.14650,0.14778,0.01282,0.07803,0.07703,0.00000,0.20825,0.05617,1.00000,1.00000,0.04541,0.18543,0.07246,0.10203,0.14961,0.22798,0.14352,0.02347,0.19178,0.00000,0.06962,0.08433,0.07526,0.89590,1.00000,0.12273,0.02420,0.05889,0.21584,0.15573,0.07959,0.17744,0.03775,0.15489,0.18721,0.00000,0.24506,0.16616,0.13706,1.00000,0.11960,0.00000,0.26782,0.23105,0.13862,0.11898,0.00000,0.23584,0.05978,0.03121,0.23048,0.22254,0.28176,0.18381,0.84634,1.00000,0.18510,0.00000,0.06346,0.12221,0.00000,0.04306,0.03471,0.31545,0.04333,0.16046,0.11982,0.01289,0.10978,0.02991,1.00000,0.00000,0.00000,0.04500,0.08342,1.00000,1.00000,1.00000,1.00000,0.07588,0.15029,0.19358,0.13522,0.03957,0.02444,0.01192,0.98970,0.04177,0.00000,1.00000,1.00000,1.00000,0.33788,0.12554,0.15607,0.97294,0.15665,0.03049,0.08881,0.26491,0.00000,0.08543,1.00000,0.07824,0.96367,1.00000,0.02277,0.17067,0.20901,0.16805,0.23250,1.00000,0.00000,0.15543,0.29761,0.34386,0.00000,0.22088,0.93222,1.00000,1.00000,0.00000,0.27661,0.10649,0.25373,0.00000,1.00000,1.00000,0.08229,0.00000,0.00000,0.05920,0.26646,0.13649,0.00000,1.00000,0.96004,1.00000,0.00000,1.00000,1.00000,1.00000,0.00000,0.13185,0.05866,0.05464,0.20168,0.00670,0.00000,0.02958,0.21175,0.18978,1.00000,0.08138,0.11010,0.09686,0.10040,0.12268,0.29458,0.14927,0.01221,0.08833,0.00845,0.00000,0.06232,0.18205,0.05634,0.16019,0.01572,0.15928,0.07007,0.00000,0.27444,0.04671,0.00922,0.00957,0.15655,0.11754,0.34483,0.30045,0.20673,0.00000,0.00567,0.00000,0.23900,0.13096,0.14022,0.30318,0.00000,0.11774,0.17865,0.19482,0.00000,0.11605,0.14729
6.00000,0.06743,0.25775,0.28242,0.12137,0.00884,0.00000,0.20314,0.08357,0.21812,0.06947,0.10710,0.00000,0.16609,0.09869,0.05939,0.12323,0.00000,0.00000,0.20567,0.08610,0.12989,0.06422,0.09252,1.00000,1.00000,0.00000,0.12262,0.00000,0.01289,0.14037,0.07910,0.03894,0.00992,0.06884,0.00001,0.18649,0.26884,0.16723,1.00000,1.00000,0.00000,0.12954,0.11537,0.14070,0.11546,0.06857,0.25102,0.18600,0.18179,0.20395,0.04636,0.13795,0.10834,0.16409,1.00000,1.00000,0.00000,0.08039,0.11124,0.15115,0.13024,0.17758,0.13584,0.13876,0.00000,0.17563,0.39431,0.00000,0.13002,0.98880,1.00000,0.10169,0.24106,0.19856,0.00000,0.09848,0.02427,0.23944,0.00000,0.00000,0.17518,0.11051,0.14042,0.19258,1.00000,0.98241,1.00000,0.05027,0.19544,0.06051,0.19082,0.00000,0.08565,0.00000,0.19430,0.08274,0.17351,0.29351,0.11239,0.17990,1.00000,1.00000,0.00000,0.10065,0.00000,0.17538,0.08497,0.20109,0.01794,0.00000,0.00000,0.14446,0.18997,0.11121,0.07087,1.00000,1.00000,0.01149,0.12901,0.00000,0.00000,0.27560,0.01966,0.11702,0.05872,0.00000,0.14190,0.05120,0.05208,0.13777,0.02932,0.97321,1.00000,0.04900,0.12162,0.15709,0.00000,0.00570,0.00000,0.00000,0.00000,0.18163,0.14910,0.05863,0.13954,0.00000,0.10114,0.98727,0.07552,0.13279,0.14182,0.11335,0.05111,1.00000,0.97952,1.00000,1.00000,0.33708,0.16755,0.22173,0.00000,0.07974,1.00000,1.00000,0.16974,0.08717,0.22971,1.00000,0.98323,1.00000,1.00000,1.00000,0.93775,1.00000,0.06805,0.13329,0.10359,0.26544,1.00000,1.00000,0.99155,1.00000,1.00000,0.99089,1.00000,0.00000,0.01823,0.96173,1.00000,0.02590,0.09458,0.19548,0.00000,0.07413,0.16173,1.00000,1.00000,1.00000,1.00000,1.00000,0.00000,0.04400,1.00000,1.00000,1.00000,0.01651,0.00000,0.13609,0.00000,0.08130,0.10010,1.00000,1.00000,1.00000,0.95730,1.00000,0.91272,1.00000,1.00000,0.00000,0.12697,0.09501,0.14337,0.11719,0.10785,0.00000,0.10775,0.36119,1.00000,1.00000,1.00000,1.00000,1.00000,0.29367,0.15208,0.16889,0.11416,0.16022,0.09803,0.00000,0.11705,0.14899,0.15525,0.10294,0.16139,0.99269,1.00000,0.02675,0.30329,0.00000,0.05583,0.00000,0.00000,0.15690,0.00000,0.23238
7.00000,0.23676,0.25111,0.00000,0.05961,0.02587,0.08248,1.00000,1.00000,1.00000,0.09851,0.08356,0.21990,0.06286,0.20457,0.10693,0.07516,0.08155,0.00201,0.11517,0.18055,0.14539,1.00000,1.00000,1.00000,1.00000,1.00000,1.00000,1.00000,0.06836,0.21401,0.13859,0.01377,0.24107,0.10778,0.09779,0.12319,1.00000,0.98973,0.05421,0.00000,0.23469,0.99993,1.00000,0.96820,1.00000,0.12555,0.21464,0.20560,0.10002,0.14416,0.05493,1.00000,1.00000,0.12805,0.10396,0.00000,0.09516,0.19824,0.02893,1.00000,1.00000,0.02091,0.04335,0.25417,0.06173,0.12289,0.09607,1.00000,1.00000,0.31384,0.00082,0.00000,0.21524,0.03179,0.07535,1.00000,1.00000,0.09656,0.00000,0.23006,0.00000,0.14861,0.10194,1.00000,1.00000,0.00752,0.00000,0.01700,0.05606,0.02614,1.00000,1.00000,0.15965,0.11283,0.31818,0.29661,0.07834,0.00094,0.07306,0.23775,0.00000,0.10057,0.13098,0.12469,0.21986,0.00000,1.00000,1.00000,0.00000,0.07653,0.16811,0.18946,0.16560,0.04717,0.25448,0.14511,0.12472,0.18724,0.11213,0.16512,0.14300,0.96003,1.00000,0.10086,0.14259,0.28729,0.21913,0.04911,0.09156,0.14841,0.11388,0.17879,0.04088,0.28548,0.12689,0.07832,0.13080,0.91938,1.00000,0.04914,0.21891,0.09733,0.18101,0.07614,0.13328,0.07883,0.00000,0.09750,0.11782,0.16446,0.01541,0.07457,1.00000,1.00000,0.19439,0.16540,0.18599,0.09365,0.27585,0.09048,0.14110,0.05192,0.05571,0.10208,0.08159,0.15501,0.28925,0.06726,0.81104,1.00000,0.07619,0.05826,0.03986,0.22273,0.12195,0.21569,0.00000,0.05892,0.12229,0.00000,0.14862,0.23756,0.07419,0.00000,1.00000,0.08329,0.00000,0.25490,0.25406,0.13594,0.08296,0.22071,0.00000,0.00000,0.25832,0.14156,0.04723,0.14753,0.27090,1.00000,1.00000,0.06185,0.08472,0.07186,0.10456,0.01841,0.03959,0.00000,0.24992,0.17863,0.21331,0.15932,0.31440,0.00000,0.12941,1.00000,1.00000,0.10814,0.12499,0.12746,0.25408,0.02995,0.01886,0.21702,0.09141,0.21530,0.00000,0.07073,0.10903,0.21263,0.06374,1.00000,1.00000,0.08473,0.35805,0.29387,0.00000,0.00000,0.13290,0.00000,0.28179,0.15514,0.03902,0.13899,0.14125,0.07514,0.08531,1.00000,0.01665,0.00000,0.02742,0.21569,0.27431,0.17569,0.14915,0.13624
7.00000,0.19928,0.12813,0.07356,0.02200,0.08034,0.02476,1.00000,1.00000,1.00000,0.00000,1.00000,1.00000,1.00000,0.00000,0.12709,0.00000,0.21537,0.05507,0.10379,0.16442,0.11565,1.00000,1.00000,1.00000,1.00000,1.00000,1.00000,1.00000,1.00000,1.00000,0.19082,0.23506,0.08664,0.14670,0.07721,0.16275,0.03203,1.00000,1.00000,0.99132,1.00000,0.94546,0.00000,0.12768,1.00000,1.00000,0.07883,0.24720,0.05425,0.10860,0.15533,0.08853,1.00000,1.00000,0.92899,1.00000,0.24677,0.01069,0.17479,0.02979,0.06021,1.00000,1.00000,0.26279,0.00000,0.08059,0.13086,1.00000,0.84821,1.00000,1.00000,0.27118,0.03854,0.00000,0.06892,0.21244,0.13378,1.00000,0.26885,0.00000,0.00000,0.12379,0.17583,1.00000,0.91236,1.00000,0.15448,0.15648,0.00000,0.00000,0.15103,0.00000,1.00000,0.91305,0.07710,0.00000,0.05535,0.07315,1.00000,0.92221,0.97003,0.19926,0.11182,0.15728,0.00000,0.17130,0.18669,0.04121,1.00000,1.00000,0.04990,0.07193,0.09179,0.16948,1.00000,1.00000,0.28358,0.00000,0.02960,0.15002,0.18778,0.00000,0.11044,0.16298,1.00000,0.00000,0.12083,0.15997,0.10614,0.21685,0.02607,0.09469,0.00889,0.17813,0.11727,0.15360,0.06322,0.04708,0.00000,0.93677,1.00000,0.00000,0.00000,0.00000,0.05990,0.24292,0.17168,0.13718,0.00898,0.02049,0.15700,0.10034,0.07836,0.05532,0.14607,1.00000,1.00000,0.01865,0.23770,0.03462,0.10932,0.00000,0.05067,0.08394,0.05938,0.16270,0.17822,0.07858,0.08397,0.09863,1.00000,1.00000,0.01692,0.24713,0.20797,0.05640,0.09737,0.19632,0.19230,0.13420,0.05402,0.09256,0.11640,0.00000,0.09785,1.00000,1.00000,0.26030,0.18497,0.03566,0.28786,0.12458,0.12311,0.17709,0.18984,0.00000,0.02103,0.00000,0.05645,0.00000,0.00000,1.00000,0.89201,0.14071,0.01135,0.12763,0.00000,0.08841,0.23099,0.01035,0.25520,0.18376,0.21315,0.00000,0.00000,0.04397,0.91160,1.00000,0.27631,0.07540,0.12514,0.00000,0.23618,0.10517,0.00000,0.00000,0.00899,0.13832,0.21679,0.13126,0.08486,0.15765,1.00000,1.00000,0.09047,0.00273,0.01931,0.08257,0.26627,0.13445,0.17317,0.11807,0.10989,0.08072,0.21683,0.00000,0.30183,0.09044,0.05738,0.13332,0.10811,0.06533,0.19291,0.08302,0.03955,0.05327
7.00000,0.05717,0.18714,0.08839,0.07828,0.00000,0.15005,0.00368,0.13988,0.08541,1.00000,1.00000,0.08589,0.00000,0.09002,0.19044,0.24428,0.05052,0.05215,0.22887,0.08948,0.08844,0.00000,0.04943,0.19889,1.00000,1.00000,1.00000,0.03674,0.32559,0.10831,0.18846,0.08334,0.09305,0.04802,0.10601,0.01128,0.00000,0.06620,0.12980,0.98124,1.00000,1.00000,1.00000,0.00000,0.12902,0.07214,0.10137,0.13897,0.11457,0.10005,0.12116,0.04836,0.21225,0.02129,1.00000,1.00000,0.11169,0.05172,1.00000,0.23909,0.08020,0.00000,0.02994,0.18238,0.00000,0.24350,0.14187,0.06501,0.12817,1.00000,1.00000,0.20422,0.11398,0.33522,1.00000,0.16134,0.06316,0.00000,0.27675,0.01097,0.00000,0.18176,0.08251,0.16031,0.05446,1.00000,1.00000,0.25126,0.08595,0.21367,1.00000,0.03916,0.06991,0.19690,0.08839,0.25177,0.15335,0.00000,0.09493,0.15031,0.00000,0.99900,0.08109,0.12320,0.18222,0.17426,1.00000,0.14239,0.00000,0.10593,0.00000,0.00000,0.10376,0.14612,0.20897,0.00000,0.00000,0.16036,0.01444,0.14142,0.22515,0.99250,1.00000,0.01709,0.10944,0.00000,0.00000,0.08521,0.01663,0.13267,0.04562,0.02517,0.09595,0.11718,0.15669,0.13293,0.02363,1.00000,1.00000,0.00987,0.15070,0.33602,0.16318,0.10756,0.08482,0.00000,0.12327,0.19208,0.00000,0.00820,0.00000,0.03985,0.08133,1.00000,0.16124,0.15758,0.05337,0.00000,0.30723,0.24077,0.20621,0.17219,0.03355,0.06703,0.17622,0.03349,0.13988,0.14851,0.12232,1.00000,0.07570,0.00297,0.16048,0.07738,0.06138,0.11784,0.13423,0.02775,0.10248,0.00000,0.12050,0.24064,0.18230,0.06003,0.00000,0.98264,0.26252,0.26820,0.23327,0.02042,0.00409,0.00000,0.00000,0.00000,0.15345,0.10237,0.14895,0.14149,0.00000,0.23038,1.00000,1.00000,0.26211,0.00000,0.13436,0.10865,0.06710,0.14316,0.16269,0.00000,0.08641,0.16529,0.09535,0.14787,0.00000,0.06879,1.00000,1.00000,0.08319,0.05700,0.13396,0.00000,0.06078,0.08244,0.05887,0.10923,0.19771,0.11354,0.14853,0.11088,0.00000,0.03340,1.00000,1.00000,0.01552,0.13298,0.04001,0.11319,0.02419,0.06097,0.13822,0.00000,0.03671,0.00000,0.03672,0.01309,0.20982,0.07754,0.01844,0.03393,0.05529,0.00000,0.08264,0.13235,0.00000,0.00000
7.00000,0.40765,0.26021,0.19994,0.00000,0.00000,1.00000,1.00000,1.00000,0.14203,0.00000,0.01697,0.02809,0.08967,0.00000,0.00000,0.00000,0.24721,0.16107,0.11553,0.21925,1.00000,0.94279,1.00000,1.00000,1.00000,1.00000,0.95694,0.09958,0.17627,0.07024,0.13573,0.16615,0.07744,0.08107,0.19322,0.25231,1.00000,0.85605,1.00000,0.38829,0.00000,1.00000,1.00000,0.99353,0.00000,0.07432,0.26280,0.13711,0.22881,0.10612,0.04015,0.03128,1.00000,1.00000,0.00000,0.00461,0.20231,0.26597,1.00000,1.00000,0.04974,0.13513,0.19155,0.00000,0.22554,0.32679,0.13405,0.02933,1.00000,1.00000,0.03990,0.07229,0.21150,0.00000,1.00000,1.00000,0.28746,0.08850,0.14864,0.14611,0.13751,0.00000,0.03175,0.00506,0.05514,0.15935,0.00000,0.04394,0.23255,0.07068,1.00000,1.00000,0.00000,0.18815,0.07771,0.13912,0.05682,0.05475,0.14294,0.00000,0.07682,0.03611,0.13949,0.23204,0.23273,1.00000,1.00000,0.03230,0.07296,0.04872,0.09248,0.01505,0.26680,0.12775,0.15548,0.09265,0.28149,0.19189,0.09533,0.00000,0.16659,0.96524,0.96627,0.14182,0.00000,0.02405,0.13473,0.01916,0.14094,0.16829,0.10830,0.28174,0.00000,0.16842,0.13828,0.18133,1.00000,1.00000,0.12285,0.07616,0.06414,0.00000,0.00000,0.27312,0.08721,0.00000,0.13794,0.08188,0.24167,0.07775,0.12005,0.19025,1.00000,1.00000,0.10919,0.02871,0.19381,0.06417,0.18065,0.00000,0.02755,0.00720,0.00000,0.00000,0.04558,0.21637,0.14576,1.00000,0.98475,0.04651,0.14192,0.17426,0.07258,0.04571,0.10831,0.11300,0.07304,0.04964,0.04364,0.22535,0.09665,0.33326,0.18444,1.00000,1.00000,0.09979,0.32083,0.38168,0.00403,0.11369,0.04928,0.23942,0.10079,0.09309,0.16380,0.36151,0.13889,0.10292,0.18764,1.00000,0.95438,0.15442,0.17110,0.17693,0.00000,0.17629,0.16526,0.07753,0.10597,0.06710,0.13311,0.12957,0.17114,0.25698,0.96147,1.00000,1.00000,0.15592,0.19401,0.15339,0.07432,0.00000,0.03773,0.03834,0.00000,0.07092,0.10272,0.01298,0.14440,0.00000,1.00000,1.00000,0.30393,0.03976,0.11225,0.10420,0.03018,0.00000,0.11423,0.22216,0.22512,0.15946,0.10825,0.04436,0.02381,0.09167,1.00000,0.00000,0.18028,0.09105,0.07590,0.19436,0.00000,0.00000,0.23402,0.14340
7.00000,0.05621,0.05456,0.00019,0.07343,0.27542,1.00000,0.07833,0.25542,0.00000,0.13182,0.00000,0.10780,0.00000,0.04489,0.11349,0.02327,0.08504,0.30073,0.15790,0.12086,0.95822,0.99808,1.00000,1.00000,1.00000,1.00000,1.00000,1.00000,1.00000,1.00000,0.00000,0.10677,0.31370,0.00000,0.12266,0.13917,1.00000,1.00000,1.00000,0.00000,1.00000,1.00000,1.00000,1.00000,1.00000,1.00000,0.17763,0.18584,0.00000,0.17402,0.11695,0.97778,0.99394,0.03895,0.15392,0.14353,0.04053,0.30178,0.05986,1.00000,1.00000,0.17445,0.07172,0.14516,0.11973,0.15617,1.00000,1.00000,0.11590,0.21151,0.10443,0.02389,0.11108,0.25060,0.09586,1.00000,1.00000,0.00000,0.05792,0.04040,0.09146,0.03141,1.00000,1.00000,0.04329,0.00067,0.00000,0.22409,0.01607,0.23929,0.13972,1.00000,0.07377,0.10230,0.07524,0.00000,0.08445,0.21803,0.05786,0.17795,0.16065,0.00000,0.24494,0.25024,0.14485,0.18982,1.00000,1.00000,0.08054,0.00000,0.02551,0.14932,0.13322,0.27770,0.16345,0.12991,0.09283,0.28015,0.00000,0.00000,0.17261,0.05346,1.00000,0.01065,0.08903,0.17708,0.00000,0.11526,0.04924,0.10232,0.19728,0.01307,0.14397,0.00233,0.05619,0.25790,0.25809,1.00000,1.00000,0.05667,0.01066,0.12463,0.32442,0.00000,0.03616,0.09156,0.13383,0.00000,0.10842,0.24026,0.11133,0.05144,0.29476,0.99915,0.93348,0.03830,0.14845,0.01573,0.07606,0.20100,0.26189,0.04151,0.14234,0.00000,0.21472,0.13292,0.24418,0.00000,0.07272,1.00000,0.25434,0.00000,0.06126,0.10102,0.11566,0.00000,0.08935,0.09902,0.18426,0.00000,0.05729,0.04132,0.06208,0.24946,1.00000,1.00000,0.02095,0.03845,0.09398,0.25841,0.13833,0.16298,0.10410,0.04981,0.16186,0.00000,0.17491,0.04586,0.16644,0.05459,1.00000,0.98635,0.02949,0.17333,0.18917,0.09018,0.04015,0.04721,0.13347,0.00000,0.22125,0.02099,0.31697,0.10449,0.16234,1.00000,1.00000,0.03776,0.01052,0.09928,0.18126,0.16352,0.00000,0.15813,0.11822,0.00000,0.00000,0.22912,0.15176,0.24677,0.00000,0.96939,1.00000,0.11137,0.33440,0.03917,0.07548,0.04349,0.12367,0.12595,0.25101,0.00000,0.03939,0.03269,0.06610,0.00000,0.27099,0.16273,0.14891,0.01809,0.02709,0.21504,0.12906,0.08882,0.17123,0.21003
7.00000,0.14895,0.00000,0.22266,0.07428,0.16925,0.16706,0.06327,0.17119,0.05883,0.27134,0.00000,0.11846,0.00000,0.20399,0.12351,0.05572,0.21910,0.21511,0.23662,0.01691,0.11651,1.00000,1.00000,0.02224,0.12639,0.00335,1.00000,1.00000,1.00000,0.00000,0.00000,0.00335,0.12976,0.12302,0.02272,0.12871,1.00000,1.00000,1.00000,1.00000,1.00000,1.00000,0.82439,1.00000,0.09744,0.14024,0.00000,0.08199,0.00000,0.07192,0.07229,1.00000,1.00000,0.96821,0.02783,0.16321,0.06313,0.07914,1.00000,1.00000,0.27403,0.17136,0.13001,0.24787,0.11826,0.31091,0.19937,0.10291,0.12703,0.14537,0.02639,0.12594,0.22528,0.09805,1.00000,0.02126,0.03414,0.35160,0.05628,0.08087,0.09765,0.00000,0.15122,0.06035,0.23106,0.01524,0.12927,0.05666,0.07722,0.27940,1.00000,0.00000,0.00123,0.11246,0.00000,0.10359,0.14014,0.12272,0.00172,0.04056,0.18232,0.28407,0.14698,0.09275,0.28806,1.00000,1.00000,0.11847,0.00000,0.16406,0.08357,0.14309,0.11180,0.34657,0.00000,0.00000,0.04442,0.18698,0.20158,0.09697,0.00000,1.00000,1.00000,0.02217,0.15608,0.11842,0.00000,0.03852,0.07029,0.06442,0.07575,0.05756,0.00000,0.04589,0.03640,0.13009,0.15016,1.00000,0.05278,0.04010,0.14787,0.18384,0.12018,0.44923,0.19951,0.05904,0.23745,0.19193,0.27713,0.06068,0.30024,0.12362,0.09338,1.00000,0.22856,0.21982,0.00890,0.26774,0.06171,0.26490,0.16240,0.04532,0.14465,0.09454,0.07126,0.16762,0.00000,0.06444,0.96499,1.00000,0.23110,0.05596,0.13457,0.08856,0.00000,0.06590,0.15395,0.10343,0.07831,0.00000,0.13703,0.20106,0.10166,0.22921,1.00000,1.00000,0.00000,0.31374,0.11647,0.09142,0.13620,0.05307,0.00000,0.12948,0.03257,0.28294,0.04175,0.06203,0.20686,0.24848,1.00000,0.11188,0.12198,0.07397,0.12762,0.18804,0.06469,0.23561,0.09520,0.00000,0.20532,0.19769,0.23842,0.00000,0.13843,0.24014,1.00000,0.05516,0.13405,0.12770,0.13149,0.05812,0.02037,0.19372,0.09214,0.20826,0.25229,0.22575,0.08864,0.27133,0.00000,1.00000,1.00000,0.08899,0.02603,0.13146,0.09415,0.04445,0.27174,0.10573,0.07816,0.00000,0.12481,0.00000,0.02784,0.06988,0.14963,0.18476,0.01443,0.17585,0.25544,0.04228,0.10419,0.22602,0.29454,0.00961
7.00000,0.07106,0.06808,0.00000,0.00000,0.00844,0.03148,0.13169,0.08895,0.00000,0.08532,0.18775,0.15459,0.24070,0.04824,0.04029,0.20316,0.19938,0.15262,0.00000,0.12212,0.00000,0.14256,0.04628,0.10671,1.00000,1.00000,1.00000,1.00000,0.02854,0.08729,0.02507,0.12252,0.18858,0.12805,0.13553,0.15127,0.15750,0.18077,1.00000,1.00000,1.00000,1.00000,1.00000,1.00000,0.00000,0.12233,0.12865,0.11927,0.09111,0.07534,0.00000,0.00000,1.00000,1.00000,1.00000,0.23281,0.08418,1.00000,1.00000,0.92074,0.19785,0.12312,0.00000,0.00000,0.11901,0.18611,0.13500,0.05944,1.00000,1.00000,0.18448,0.04941,0.15772,1.00000,1.00000,0.10708,0.00000,0.07415,0.00000,0.00511,0.05859,0.18294,0.19609,0.03577,1.00000,0.09433,0.00000,0.23741,0.11962,1.00000,0.97938,0.11213,0.08492,0.15698,0.13291,0.09372,0.14129,0.01863,0.13730,0.11257,0.07036,0.06809,0.00000,0.10430,0.11757,1.00000,1.00000,0.10332,0.28540,0.12465,0.12378,0.09812,0.00000,0.23945,0.04602,0.08271,0.11650,0.00000,0.00000,0.06603,0.00000,1.00000,1.00000,0.00000,0.05418,0.33707,0.02201,0.02421,0.06268,0.17395,0.00862,0.06257,0.03319,0.08573,0.14223,0.11640,1.00000,0.92916,1.00000,0.22648,0.16068,0.00000,0.18267,0.00518,0.10751,0.00000,0.10432,0.03443,0.00214,0.11382,0.29282,0.17993,1.00000,1.00000,0.93611,0.14561,0.01499,0.07556,0.09468,0.27180,0.19459,0.11074,0.32345,0.06365,0.05644,0.07601,0.12828,0.16714,0.91571,1.00000,1.00000,0.00000,0.14866,0.13660,0.14225,0.00000,0.20440,0.06326,0.05919,0.19962,0.32905,0.12797,0.16057,0.06761,1.00000,1.00000,0.00000,0.03493,0.14904,0.14620,0.08912,0.04672,0.00000,0.07008,0.04242,0.22054,0.10840,0.00000,0.28374,0.07630,1.00000,1.00000,0.18295,0.11422,0.02424,0.13802,0.00000,0.02568,0.04881,0.16858,0.06476,0.21904,0.00000,0.07089,0.10694,0.02647,1.00000,1.00000,0.00431,0.00000,0.00000,0.00000,0.00000,0.27916,0.29051,0.22290,0.09273,0.13679,0.16106,0.22038,0.01164,0.25402,1.00000,0.00000,0.08200,0.11570,0.00000,0.04209,0.22163,0.13536,0.08320,0.18081,0.14509,0.09135,0.10504,0.01458,0.22426,0.00000,0.30311,0.24296,0.19360,0.10221,0.13665,0.14410,0.12936,0.05167
7.00000,0.14021,0.07174,0.06234,0.15139,0.10449,0.00000,0.08301,0.00892,0.07653,0.07550,0.03991,0.07188,0.07647,0.05619,0.04715,0.00000,0.15423,0.00000,0.13666,1.00000,1.00000,1.00000,1.00000,1.00000,1.00000,1.00000,0.85542,0.78628,1.00000,0.03078,0.02244,0.14283,0.06116,0.04078,0.23058,1.00000,1.00000,0.99960,1.00000,0.19276,0.17257,0.28752,1.00000,1.00000,1.00000,0.12895,0.00711,0.08821,0.08129,0.00368,0.12959,0.25492,0.00000,0.08965,0.00908,0.16919,0.15690,0.17610,1.00000,0.90594,0.01603,0.23708,0.03883,0.20058,0.00000,0.09849,0.19702,0.00000,0.00000,0.00000,0.00000,0.09819,0.17217,0.00000,0.97946,1.00000,0.32681,0.14274,0.08761,0.00561,0.00000,0.00000,0.15146,0.23062,0.12046,0.12192,0.29628,0.09140,0.11556,0.12641,1.00000,1.00000,0.16642,0.21333,0.06182,0.17490,0.05340,0.04043,0.05623,0.12395,0.00000,0.07486,0.09735,0.14324,0.21880,1.00000,1.00000,0.95756,0.19327,0.09531,0.19861,0.00000,0.05405,0.00000,0.05541,0.03232,0.05300,0.31853,0.00000,0.10961,0.07179,1.00000,1.00000,0.12995,0.00000,0.23290,0.11234,0.07022,0.10560,0.14042,0.09936,0.00000,0.00000,0.00000,0.15964,0.11192,1.00000,0.94966,1.00000,0.13424,0.13128,0.00000,0.00155,0.21683,0.01335,0.10217,0.25122,0.03479,0.23509,0.00433,0.24553,0.14256,1.00000,1.00000,0.09768,0.11227,0.22078,0.06941,0.10133,0.00000,0.15583,0.00000,0.16575,0.01560,0.07382,0.00000,0.16761,0.05852,1.00000,1.00000,0.04732,0.16086,0.15451,0.25640,0.11846,0.05775,0.09374,0.00000,0.23665,0.00000,0.19683,0.09335,0.00734,1.00000,1.00000,0.10217,0.24680,0.21463,0.36302,0.00000,0.17278,0.00000,0.08777,0.34011,0.02048,0.16534,0.10670,0.07487,0.26577,0.88011,0.05093,0.21714,0.00000,0.11021,0.01966,0.00000,0.25252,0.00980,0.14149,0.17169,0.17675,0.20168,0.07454,0.01448,0.10588,1.00000,0.00864,0.00000,0.05641,0.24900,0.00000,0.23184,0.17026,0.26213,0.19413,0.05909,0.21958,0.08957,0.21883,0.00000,1.00000,1.00000,0.18488,0.17339,0.04543,0.48047,0.05107,0.00000,0.00000,0.10242,0.20578,0.14461,0.09834,0.07614,0.12817,0.14666,0.13065,0.16738,0.10158,0.04980,0.23930,0.00000,0.03805,0.08376,0.12696,0.01821
7.00000,0.04772,0.11391,0.99563,1.00000,1.00000,0.99327,0.97139,0.95837,0.98502,1.00000,1.00000,1.00000,1.00000,0.06078,0.00000,0.16055,0.15388,0.13233,0.00000,1.00000,1.00000,1.00000,0.00000,0.00000,0.00000,0.18045,0.15042,1.00000,1.00000,0.96058,1.00000,0.18755,0.15361,0.00000,0.07929,0.08014,0.00000,0.11446,0.00000,0.00000,0.09307,0.00000,0.00000,0.26465,0.12603,0.10577,0.98130,0.10631,0.13486,0.22057,0.00000,0.12567,0.20292,0.00000,0.11990,0.00581,0.13493,0.22025,0.25041,0.04583,0.01904,0.00000,1.00000,0.00000,0.22046,0.00000,0.07802,0.09282,0.08031,0.12267,0.08279,0.27264,0.07485,0.17183,0.00000,0.02598,0.22090,0.93999,0.05057,0.22261,0.09094,0.06655,0.31395,0.11694,0.00000,0.09817,0.20299,0.26953,0.00000,0.25572,0.00000,0.17424,0.24901,1.00000,0.14951,0.00705,0.16430,0.24315,0.15270,0.00000,0.19473,0.34536,0.03391,0.23517,0.21119,0.07226,0.00964,1.00000,1.00000,0.03233,0.00000,0.13965,0.00000,0.09453,0.00000,0.00000,0.28480,0.32513,0.04909,0.02135,0.18990,0.00000,1.00000,1.00000,0.02847,0.25396,0.16226,0.24137,0.23584,0.10433,0.00000,0.00000,0.00000,0.15017,0.11339,0.00000,0.43219,0.01029,1.00000,0.00000,0.11846,0.25190,0.00000,0.03209,0.15252,0.19568,0.12446,0.05106,0.02468,0.00000,0.10904,0.07973,0.11690,1.00000,1.00000,0.21207,0.12550,0.19355,0.11376,0.00000,0.00000,0.12233,0.21110,0.16417,0.00000,0.11282,0.08325,0.09000,1.00000,1.00000,0.13663,0.15472,0.21035,0.00000,0.00000,0.11010,0.18995,0.08600,0.00971,0.01138,0.00000,0.07008,0.06356,0.09086,1.00000,0.01669,0.06793,0.09769,0.11672,0.13997,0.10496,0.00000,0.22578,0.02683,0.22224,0.03577,0.18509,0.00000,0.06785,1.00000,1.00000,0.27337,0.16707,0.07696,0.05552,0.10498,0.17646,0.00000,0.00000,0.07680,0.12174,0.22555,0.07331,0.11393,0.08299,1.00000,0.10401,0.07283,0.00000,0.00000,0.02937,0.20785,0.17382,0.00000,0.16307,0.08783,0.18660,0.22125,0.05570,0.09669,1.00000,1.00000,0.11459,0.24725,0.24080,0.03083,0.00000,0.11842,0.05302,0.00000,0.28692,0.21654,0.00000,0.15521,0.13772,0.01131,0.01573,0.00000,0.16444,0.20472,0.18576,0.03134,0.02906,0.02559,0.03231,0.01747
7.00000,0.17537,0.06900,0.10805,0.17236,0.09254,0.24738,0.13165,0.03449,0.06638,0.22618,0.10279,0.00000,0.28836,0.11090,0.00000,0.11591,0.05502,0.00674,0.00000,0.16473,1.00000,0.98199,0.09653,1.00000,1.00000,1.00000,1.00000,1.00000,0.09956,0.09797,0.34233,0.24134,0.06959,0.04715,0.03146,1.00000,1.00000,1.00000,1.00000,1.00000,1.00000,1.00000,1.00000,1.00000,0.93660,0.28109,0.19963,0.14383,0.03340,0.00000,0.14752,1.00000,1.00000,1.00000,1.00000,0.87380,0.02897,0.12645,0.11205,1.00000,1.00000,0.05663,0.08413,0.01943,0.04483,0.16208,0.05068,1.00000,1.00000,1.00000,0.13013,0.00000,0.13505,0.02508,0.05921,1.00000,1.00000,0.31547,0.02977,0.19107,0.16915,0.22175,0.07024,0.26976,0.16634,0.00000,0.00000,0.07980,0.00000,0.18549,0.04591,1.00000,1.00000,0.08301,0.18361,0.07980,0.04300,0.08086,0.01066,0.00000,0.28975,0.11697,0.03629,0.09263,0.02588,0.00273,1.00000,1.00000,1.00000,0.14159,0.19661,0.06461,0.24216,0.19478,0.01144,0.15040,0.16248,0.07954,0.03386,0.11954,0.06441,0.00040,1.00000,1.00000,0.07600,0.13615,0.09744,0.00000,0.12874,0.00000,0.08081,0.00000,0.06200,0.20022,0.10130,0.05525,0.06134,1.00000,1.00000,0.29328,0.04763,0.22521,0.06205,0.00000,0.10381,0.00000,0.15684,0.15774,0.00000,0.22761,0.00000,0.25178,1.00000,1.00000,0.85676,0.07286,0.26537,0.03213,0.21514,0.00000,0.26809,0.05882,0.05290,0.00000,0.07007,0.22531,0.12010,0.27172,1.00000,1.00000,0.00000,0.03496,0.02445,0.26521,0.17126,0.24156,0.09835,0.11407,0.00000,0.25343,0.04235,0.11073,0.21054,1.00000,1.00000,0.91777,0.15935,0.00000,0.06696,0.00000,0.12179,0.20118,0.00000,0.10711,0.00000,0.08936,0.07109,0.00376,0.04166,1.00000,1.00000,0.00000,0.00000,0.10037,0.29713,0.00000,0.23875,0.08511,0.16760,0.00000,0.19167,0.14926,0.30947,0.12093,1.00000,1.00000,1.00000,0.00000,0.00000,0.08749,0.18996,0.25027,0.00000,0.00000,0.18015,0.03694,0.07051,0.06478,0.22008,0.11370,0.99223,0.95016,0.09911,0.09927,0.25402,0.11503,0.16275,0.03888,0.00000,0.00000,0.00000,0.02565,0.08945,0.01290,0.11347,0.11878,0.11905,0.27976,0.19361,0.18544,0.12737,0.03478,0.03433,0.08060,0.12203,0.15167
3.00000,0.10715,0.00000,0.11297,0.00000,0.05391,0.08638,0.16988,1.00000,0.95971,0.11354,0.18096,0.00000,0.29683,0.20773,0.08374,0.15386,0.02854,0.05180,0.10795,0.06542,0.05302,1.00000,1.00000,1.00000,1.00000,0.92695,1.00000,0.25568,0.00000,0.07677,0.21438,0.20235,0.26205,0.11814,0.16345,0.18350,0.19145,0.95152,1.00000,0.12658,0.19694,1.00000,1.00000,0.13951,0.14699,0.15393,0.08737,0.09966,0.21502,0.00000,0.01299,0.16942,0.00000,0.23036,0.12079,0.00000,0.06088,1.00000,1.00000,0.10180,0.05149,0.14311,0.00000,0.00000,0.02249,0.22215,0.00336,0.07538,0.07884,0.04733,0.17655,0.00000,0.00000,1.00000,1.00000,0.18259,0.24748,0.00000,0.05161,0.14289,0.19609,0.04432,0.23558,0.02188,0.02989,0.15403,0.06253,1.00000,1.00000,1.00000,1.00000,0.03949,0.01702,0.00692,0.19124,0.21523,0.00000,0.01660,0.13214,0.00000,0.35641,0.04448,1.00000,1.00000,1.00000,1.00000,0.90026,0.00000,0.05907,0.08059,0.14585,0.16910,0.25915,0.02771,0.03748,0.00000,0.02171,0.05705,1.00000,0.97040,1.00000,1.00000,1.00000,1.00000,0.04582,0.15508,0.06450,0.00000,0.07318,0.11243,0.07356,0.10020,0.00000,0.33128,0.22601,0.13030,0.20287,0.00000,0.11773,1.00000,1.00000,0.05178,0.00000,0.12737,0.10221,0.02450,0.17262,0.08257,0.08879,0.03495,0.00000,0.04475,0.14534,0.18005,0.00000,0.99436,1.00000,0.13544,0.29710,0.07269,0.18472,0.00000,0.20213,0.06709,0.15024,0.04831,0.09269,0.01673,0.18265,0.15571,0.15710,0.06720,1.00000,1.00000,0.27805,0.14780,0.06951,0.15163,0.00000,0.07000,0.09291,0.08116,0.16457,0.03854,0.07259,0.00045,0.09714,0.20870,1.00000,1.00000,0.18384,0.18869,0.18852,0.20939,1.00000,1.00000,1.00000,0.05330,0.11857,0.09297,0.00000,0.15253,0.21918,0.00000,1.00000,1.00000,1.00000,0.00000,0.23097,0.13898,1.00000,1.00000,1.00000,0.90535,0.02944,0.33940,0.14431,0.06440,0.07163,0.21258,1.00000,0.95522,0.12635,0.12049,0.00000,0.35637,0.20374,0.95721,1.00000,1.00000,1.00000,0.97705,1.00000,1.00000,1.00000,0.96018,1.00000,1.00000,0.20860,0.00000,0.03917,0.15034,0.12291,0.13973,0.02306,1.00000,1.00000,1.00000,1.00000,0.98312,1.00000,1.00000,0.30977,0.00000,0.38089,0.17687
3.00000,0.25023,0.00000,0.22034,0.10111,0.00137,0.89031,1.00000,1.00000,0.20164,0.14829,0.04395,0.12893,0.00000,0.09181,0.11818,0.13880,0.11378,0.08112,0.07373,0.20316,0.03028,1.00000,0.93520,1.00000,1.00000,1.00000,0.25871,0.05445,0.12339,0.18806,0.12405,0.18802,0.33903,0.09620,0.03805,0.17556,0.15684,0.22849,0.28302,0.01604,0.18236,1.00000,1.00000,0.07246,0.17465,0.04446,0.17641,0.14583,0.07848,0.01848,0.24373,0.00000,0.15002,0.00937,0.00000,0.22714,0.18542,0.00000,1.00000,0.09107,0.10452,0.14595,0.00000,0.00000,0.17332,0.02955,0.15286,0.09153,0.05031,0.11809,0.19427,0.32719,0.13993,0.31767,1.00000,0.00000,0.05958,0.10344,0.11220,0.00230,0.00000,0.00000,0.17359,0.14492,0.10798,0.02564,0.23203,0.13536,0.19111,1.00000,1.00000,0.09632,0.00000,0.11623,0.06916,0.12719,0.16620,0.18802,0.00000,0.17857,0.18606,0.09579,0.18357,0.99400,1.00000,1.00000,1.00000,0.07607,0.23315,0.15853,0.13297,0.08473,0.20781,0.00000,0.00000,0.07500,0.03042,0.98890,1.00000,0.98386,1.00000,1.00000,0.90592,1.00000,0.00000,0.13819,0.07685,0.09661,0.06441,0.07621,0.17551,0.00000,0.17267,1.00000,0.97723,1.00000,0.12616,0.10222,0.03058,1.00000,0.03181,0.17727,0.00000,0.15575,0.10406,0.02041,0.08463,0.08862,0.07274,0.01383,0.05506,0.11239,0.15833,0.32282,0.00000,1.00000,1.00000,0.07895,0.00000,0.03796,0.09689,0.22528,0.12885,0.11519,0.10865,0.04103,0.00000,0.01481,0.23145,0.10773,0.00000,1.00000,1.00000,0.13339,0.06592,0.00743,0.19781,0.00000,0.02901,0.00000,0.13156,0.25593,0.05220,0.01460,0.11325,0.03255,0.20288,1.00000,0.30164,0.10221,0.16585,0.09502,0.19910,0.07603,0.11029,0.00000,0.13506,0.14940,0.00000,0.01720,0.00000,0.00000,0.14185,1.00000,0.17605,0.10684,0.08379,0.13679,0.16780,0.16536,0.15170,1.00000,0.09377,0.15950,0.00000,0.11358,0.17229,0.89031,1.00000,0.25189,0.25489,0.06090,0.25249,0.04995,0.20717,0.19659,0.00000,0.19455,1.00000,1.00000,1.00000,1.00000,1.00000,1.00000,0.02341,0.44103,0.28793,0.25043,0.00000,0.19503,0.05129,0.18481,0.31653,0.00000,0.03386,0.96139,1.00000,1.00000,1.00000,0.00000,0.32763,0.12679,0.00000,0.22971,0.26811,0.19981
3.00000,0.11864,0.06931,0.25789,0.06821,0.13888,0.00000,0.95183,1.00000,1.00000,1.00000,1.00000,0.10306,0.13535,0.05293,0.01162,0.20281,0.10855,0.10913,0.20644,0.22620,0.11187,0.00199,1.00000,1.00000,1.00000,0.99519,1.00000,1.00000,0.17086,0.07574,0.08956,0.21991,0.04321,0.12585,0.00589,0.26995,0.07652,0.14283,0.00000,0.00000,0.21059,0.07817,0.08436,1.00000,1.00000,0.10274,0.00000,0.05850,0.19070,0.27072,0.26403,0.12732,0.13863,0.05978,0.00666,0.10706,0.23605,0.00000,0.00000,0.10130,1.00000,0.04551,0.00000,0.16941,0.08512,0.06475,0.22831,0.13337,0.08914,0.17115,0.22779,0.20756,0.00000,0.08714,0.20034,0.23050,1.00000,0.96279,0.11789,0.10933,0.05926,0.00000,0.00000,0.19697,0.23039,0.00000,0.27554,0.08724,0.00296,0.00391,0.08389,1.00000,1.00000,0.06376,0.16666,0.01049,0.32735,0.02431,0.00000,0.00000,1.00000,1.00000,1.00000,1.00000,1.00000,1.00000,1.00000,0.98181,1.00000,0.05499,0.02866,0.13205,0.00000,0.09520,0.09125,0.13895,0.96403,1.00000,1.00000,0.99518,1.00000,1.00000,1.00000,1.00000,0.00000,0.00000,0.15256,0.00000,0.13489,0.02474,0.13359,0.00000,0.18686,0.24354,0.19007,0.11391,0.00894,0.14337,0.08912,1.00000,0.94029,0.11019,0.01004,0.10859,0.27027,0.28679,0.00000,0.00000,0.02343,0.07654,0.04507,0.00000,0.00000,0.01098,0.04236,0.12829,1.00000,1.00000,0.00000,0.06624,0.27703,0.03653,0.03442,0.00000,0.15940,0.23649,0.08766,0.13285,0.12240,0.07921,0.13671,0.00000,0.10564,0.99242,0.09006,0.19660,0.00000,0.30584,0.16461,0.10182,0.00000,0.11236,0.02277,0.00000,0.06861,0.23404,0.00000,0.09054,0.08506,1.00000,1.00000,0.09571,0.07025,0.19545,0.05530,0.28787,0.19348,0.00000,0.09689,0.00276,0.08628,0.06847,0.21478,0.06040,0.09578,1.00000,1.00000,0.20707,0.11773,0.00000,0.13601,0.11316,0.14733,0.19384,0.12922,0.04118,0.06520,0.21945,0.17772,0.11773,0.95850,1.00000,1.00000,0.03376,0.04052,0.00000,0.25506,1.00000,0.97167,1.00000,1.00000,0.96697,1.00000,0.97777,1.00000,1.00000,1.00000,1.00000,0.06566,0.00000,0.16065,0.11543,0.19378,0.26042,0.02362,0.21009,1.00000,1.00000,0.98871,1.00000,0.99929,1.00000,0.95617,0.02952,0.20025,0.12620
3.00000,0.05627,0.00666,0.22824,0.00652,0.09182,0.08321,0.15315,1.00000,1.00000,1.00000,1.00000,0.14228,0.24273,0.15430,0.00000,0.27706,0.13658,0.15721,0.12152,0.13016,0.00944,0.22451,1.00000,1.00000,1.00000,0.98931,1.00000,1.00000,0.05583,0.18610,0.05249,0.11146,0.00000,0.13258,0.04487,0.29237,0.14893,1.00000,1.00000,0.09538,0.00000,0.23765,1.00000,1.00000,0.09889,0.14950,0.10769,0.16918,0.06209,0.00000,0.14668,0.18143,0.06685,0.96960,0.00000,0.00533,0.18096,0.97582,0.96789,1.00000,0.13245,0.06570,0.16624,0.16576,0.15577,0.00000,0.04611,0.06578,0.05544,0.16115,0.00847,0.07659,1.00000,1.00000,1.00000,0.15907,0.20509,0.05179,0.13126,0.00000,0.30203,0.15506,0.14879,0.05642,0.08077,0.27288,1.00000,1.00000,1.00000,1.00000,1.00000,0.13488,0.11083,0.15461,0.22913,0.24600,0.22157,0.09894,0.08546,0.09495,0.12359,0.00914,0.21537,1.00000,1.00000,1.00000,1.00000,0.00000,0.13413,0.21401,0.19346,0.19431,0.13723,0.16414,0.00000,0.08253,0.23474,0.04963,0.00000,0.19608,0.10416,1.00000,1.00000,0.95919,0.00081,0.10753,0.19075,0.10417,0.17542,0.03296,0.15208,0.26378,0.11413,0.02965,0.13764,0.11896,0.03647,0.05647,1.00000,1.00000,1.00000,0.00000,0.00000,0.00000,0.04146,0.11108,1.00000,0.11398,0.16989,0.00000,0.08221,0.10280,0.23015,0.00000,0.21891,1.00000,1.00000,1.00000,0.03745,0.12828,0.17180,0.35536,1.00000,0.19304,0.17307,0.06727,0.18740,0.13121,0.00000,0.30586,0.08710,0.09057,1.00000,1.00000,0.00000,0.32238,0.03912,0.05513,1.00000,1.00000,0.04947,0.00000,0.09260,0.19626,0.08082,0.04488,0.17468,0.00828,1.00000,0.97143,0.04170,0.10179,0.08808,0.03812,0.94637,1.00000,1.00000,0.03556,0.10948,0.05104,0.24165,0.10760,0.00000,0.00000,1.00000,1.00000,0.00000,0.00000,0.12407,0.02610,0.00000,1.00000,1.00000,1.00000,1.00000,0.16708,0.12211,0.07743,0.25330,0.16960,1.00000,0.95951,0.03053,0.05230,0.16646,0.00000,0.18836,0.11528,0.16375,1.00000,1.00000,1.00000,1.00000,1.00000,1.00000,0.89854,1.00000,0.00000,0.18571,0.00000,0.02943,0.12326,0.09284,0.05215,0.13843,0.00000,0.00000,1.00000,1.00000,0.92821,1.00000,1.00000,0.00000,0.00206,0.00000,0.01863
3.00000,0.00000,0.21031,0.00000,0.00691,0.19937,0.01001,1.00000,0.11820,0.01967,0.00000,0.01751,0.12787,0.04551,0.12965,0.01407,0.06748,0.09489,0.00000,0.06327,0.07844,0.04639,0.03046,0.32811,0.21138,0.06153,0.05403,0.00000,0.02150,0.04198,0.00000,0.14419,0.04488,0.06165,0.00000,0.22472,0.27565,0.30089,0.04931,0.22893,0.01435,0.10064,0.17913,0.07339,0.12486,0.05081,0.02975,0.28769,0.28397,0.04638,0.14401,0.30961,0.03675,0.00000,0.00000,0.14935,0.09991,0.00000,0.00050,0.15046,1.00000,0.11955,0.04803,0.00000,0.12995,0.10799,0.03940,0.00000,0.02639,0.28200,0.10760,0.14574,0.00000,0.27804,0.21395,1.00000,0.03237,0.17111,0.06702,0.05902,0.00000,0.16732,0.08336,0.19917,0.09737,0.18209,0.27828,0.31684,1.00000,1.00000,0.96720,0.18121,0.07301,0.26385,0.00000,0.02664,0.04713,0.11676,0.06052,0.01187,0.20578,0.09018,0.22600,0.00000,0.10903,1.00000,1.00000,0.00000,0.14245,0.06706,0.19862,0.27120,0.10129,0.03143,0.14135,0.14023,0.00000,0.00000,0.15265,0.18198,0.07839,0.07302,0.08177,0.18110,0.08598,0.13827,0.00000,0.18324,0.35749,0.00000,0.16490,0.16936,0.08396,0.20831,0.27286,0.11671,0.12994,0.16293,0.15379,0.10623,0.33415,0.16317,0.17119,0.12337,0.00000,0.03169,0.08155,0.08085,0.03538,0.03003,0.22307,0.04734,0.00000,0.09227,0.00000,0.25351,0.27523,0.00000,0.13023,0.12700,0.11892,0.16137,0.23701,0.13078,0.16270,0.16102,0.13127,0.05340,0.00782,0.11449,0.04032,0.10738,1.00000,0.20550,0.00000,0.31508,0.07594,0.17888,0.02444,0.10217,0.00000,0.00000,0.09726,0.16991,0.07325,0.16294,0.08775,0.07929,1.00000,0.00000,0.17171,0.01047,0.20638,0.14519,0.17965,0.00000,0.10874,0.16274,0.09479,0.05437,0.11535,0.14667,0.22264,0.09215,1.00000,0.00000,0.05683,0.19460,0.07892,0.17106,0.09846,0.06948,0.06013,0.01679,0.12573,0.14104,0.18895,0.36601,0.07908,0.00000,1.00000,0.00000,0.10614,0.13963,0.00000,0.10388,0.04769,0.14485,0.00000,0.00000,0.11891,0.00000,0.09312,0.06392,1.00000,1.00000,0.12621,0.00000,0.15040,0.12801,0.14025,0.06959,0.07667,0.02370,0.02754,0.16814,0.05784,0.10735,1.00000,1.00000,1.00000,0.00000,0.10169,0.01512,0.27099,0.27051,0.16053
3.00000,0.04656,0.00000,0.05770,0.00000,0.06436,1.00000,0.96844,1.00000,1.00000,1.00000,0.17632,0.26860,0.07993,0.06846,0.13389,0.08997,0.01574,0.00000,0.11620,0.01115,0.17891,1.00000,1.00000,1.00000,1.00000,1.00000,1.00000,1.00000,0.00000,0.07225,0.16225,0.07521,0.02827,0.00000,0.08827,0.19386,0.21725,0.07248,0.11380,0.00000,0.25717,0.23237,1.00000,0.97772,0.10351,0.00000,0.00000,0.08488,0.21244,0.00000,0.00000,0.16443,0.08396,0.05477,0.13248,0.14115,0.00000,0.20921,1.00000,1.00000,0.19013,0.14746,0.05080,0.06599,0.02527,0.29767,0.07286,0.16144,0.06187,0.22717,0.26802,0.00000,0.00000,0.99186,1.00000,0.13275,0.26105,0.08274,0.13818,0.15973,0.20241,0.21389,0.00536,0.00479,0.15739,0.18303,1.00000,1.00000,1.00000,1.00000,1.00000,0.00000,0.23985,0.03853,0.00963,0.09881,0.13553,0.11892,0.05001,0.18974,1.00000,1.00000,1.00000,1.00000,1.00000,0.85632,0.12019,0.12411,0.00000,0.07888,0.08815,0.00000,0.06945,0.11107,0.00000,0.15582,0.00000,0.00297,0.05224,0.00896,0.00000,1.00000,0.99494,0.02142,0.00000,0.06969,0.25081,0.10213,0.00000,0.14911,0.17379,0.03974,0.21762,0.00022,0.04136,0.06421,0.06685,0.00000,1.00000,1.00000,0.16465,0.02101,0.04417,0.19047,0.09017,0.12614,0.00000,0.08255,0.00000,0.10862,0.09293,0.14444,0.01139,0.00166,0.19577,1.00000,1.00000,0.22702,0.12734,0.20050,0.00000,0.14908,0.00000,0.20509,0.18943,0.22157,0.21989,0.19525,0.00482,0.00000,0.07857,1.00000,1.00000,0.19671,0.04599,0.21629,0.10481,0.03937,0.18959,0.11396,0.00000,0.09150,0.04064,0.38673,0.04530,0.02008,0.09207,1.00000,1.00000,0.16279,0.15768,0.02188,0.18633,0.00000,0.08900,0.00000,0.16541,0.17269,0.13938,0.15937,0.11222,0.00000,0.12221,1.00000,1.00000,0.10382,0.07431,0.00000,0.22954,0.20509,0.01836,0.17372,0.95876,1.00000,0.02359,0.01810,0.03159,0.17024,1.00000,0.87245,0.00000,0.00000,0.13870,0.11313,0.08538,0.00000,0.27978,0.20458,1.00000,1.00000,0.94972,1.00000,1.00000,1.00000,1.00000,1.00000,0.15849,0.07173,0.09557,0.13403,0.13548,0.09576,0.11951,0.00000,0.18054,0.05906,1.00000,1.00000,0.97713,1.00000,0.19629,0.00000,0.00000,0.12421,0.23192,0.03195
3.00000,0.18400,0.10646,0.05076,0.08868,0.33337,0.07999,0.24302,1.00000,1.00000,0.15479,0.08417,0.14781,0.28317,0.16274,0.28706,0.13663,0.19383,0.15137,0.13180,0.02387,0.00000,0.29655,1.00000,1.00000,1.00000,1.00000,1.00000,1.00000,0.09239,0.23408,0.12797,0.05687,0.13264,0.25904,0.10045,0.21491,0.82434,1.00000,1.00000,1.00000,0.08558,0.11523,1.00000,1.00000,0.00000,0.25124,0.11084,0.11916,0.09269,0.03159,0.05273,0.09858,1.00000,0.25083,0.05581,0.20678,0.00000,0.06094,0.93052,0.99130,0.01233,0.00000,0.21654,0.00000,0.04586,0.09617,0.21591,0.00000,0.00000,0.16477,0.00000,0.17238,0.08517,1.00000,1.00000,1.00000,0.14587,0.15215,0.18175,0.05702,0.00000,0.06773,0.10152,0.32347,0.07241,1.00000,1.00000,1.00000,0.89191,1.00000,1.00000,0.07786,0.06162,0.09033,0.09027,0.01276,0.17317,0.09571,0.00000,0.17726,0.00000,0.88782,1.00000,1.00000,1.00000,1.00000,1.00000,0.08912,0.22781,0.00000,0.13869,0.13478,0.19446,0.02678,0.21166,0.07494,0.03851,0.12178,0.12237,0.03693,0.01083,0.21013,0.00000,1.00000,0.08825,0.20329,0.03508,0.07401,0.02579,0.09332,0.20717,0.05771,0.11405,0.08751,0.00000,0.24006,0.00000,0.14454,0.08575,1.00000,0.94369,0.16307,0.00000,0.20168,0.09334,0.02152,0.00000,0.13410,0.20128,0.00000,0.16044,0.00000,0.17463,0.01309,0.15614,0.24050,1.00000,0.00000,0.13162,0.18472,0.13607,0.35244,0.27608,0.00000,0.09029,0.00045,0.05943,0.00000,0.09918,0.06950,0.05674,0.17717,1.00000,1.00000,0.00000,0.18431,0.10702,0.09812,0.19731,0.00000,0.08292,0.04211,0.12878,0.15446,0.20534,0.00000,0.09439,0.10480,1.00000,0.95901,0.18014,0.03742,0.12661,0.10006,0.03959,0.00000,0.09372,0.05142,0.03103,0.02596,0.07388,0.11227,0.07473,0.16958,0.96909,1.00000,0.00000,0.20058,0.00000,0.00000,0.00324,1.00000,0.00273,0.11038,0.11742,0.00000,0.03732,0.11678,1.00000,1.00000,1.00000,0.13697,0.10743,0.24856,0.11680,0.14141,0.11063,1.00000,1.00000,0.93005,0.98627,1.00000,1.00000,1.00000,1.00000,1.00000,0.12413,0.04390,0.01452,0.20131,0.31871,0.03182,0.07916,0.19259,0.02436,0.18607,1.00000,1.00000,1.00000,1.00000,0.18003,0.07208,0.08236,0.06806,0.24214,0.01973
3.00000,0.12224,0.13787,0.03012,0.13018,0.07664,0.28098,1.00000,1.00000,1.00000,0.00000,0.25268,0.12852,0.00000,0.18609,0.00000,0.09593,0.01033,0.12668,0.00000,0.00487,0.00000,0.99648,1.00000,1.00000,1.00000,1.00000,1.00000,0.10167,0.06629,0.08750,0.14811,0.10759,0.20123,0.29185,0.14267,0.00000,0.14487,0.95625,0.93606,0.92720,1.00000,1.00000,1.00000,1.00000,0.02096,0.02465,0.03063,0.05035,0.13723,0.29991,0.11745,0.00000,0.02417,0.27825,1.00000,1.00000,1.00000,1.00000,1.00000,1.00000,0.13605,0.09250,0.01968,0.10196,0.00000,0.10544,0.10579,0.12071,0.00000,0.13801,0.13038,0.00000,0.13783,0.98299,1.00000,1.00000,0.00000,0.02962,0.15141,0.00000,0.10365,0.13122,0.05815,0.09984,0.05248,0.03586,0.20526,0.09655,1.00000,0.97342,1.00000,0.98366,0.21842,0.14075,0.19076,0.11600,0.05689,0.04087,0.22052,0.00000,0.08281,0.00000,0.22454,0.20050,0.21075,1.00000,0.98691,1.00000,0.00993,0.00000,0.18452,0.09290,0.14826,0.04534,0.16143,0.17577,0.00000,0.00000,0.12573,0.02276,0.33337,0.92004,1.00000,1.00000,0.09995,0.05848,0.14962,0.01583,0.17369,0.18092,0.20363,0.27459,0.13501,0.36829,0.03152,0.13327,0.00000,0.12293,1.00000,1.00000,1.00000,0.19925,0.07231,0.00979,0.30587,0.07546,0.34375,0.02496,0.01461,0.10616,0.06555,0.00000,0.20734,0.06715,0.12221,1.00000,1.00000,1.00000,0.04488,0.00573,0.00740,0.19438,0.10815,1.00000,0.05125,0.26837,0.12434,0.11789,0.00000,0.12686,0.05132,1.00000,1.00000,1.00000,0.19980,0.22384,0.00000,0.00135,0.96744,1.00000,1.00000,0.13546,0.18415,0.00000,0.04414,0.09938,0.16836,1.00000,1.00000,1.00000,0.24557,0.18688,0.15183,0.24400,0.07774,1.00000,1.00000,1.00000,0.00000,0.18373,0.30656,0.26273,0.09265,1.00000,1.00000,0.93499,0.00000,0.22351,0.07688,0.06220,0.12567,1.00000,1.00000,1.00000,1.00000,1.00000,1.00000,1.00000,1.00000,1.00000,1.00000,0.00000,0.03541,0.11387,0.23981,0.10653,0.07826,0.09167,0.13679,1.00000,1.00000,1.00000,1.00000,1.00000,0.95601,0.98864,0.98076,0.06082,0.11870,0.02720,0.01013,0.00000,0.00000,0.06211,0.05250,0.06982,0.09525,1.00000,1.00000,1.00000,1.00000,0.26907,0.00000,0.07580,0.12283,0.16949
3.00000,0.06071,0.12722,0.00706,0.00000,0.12714,0.12247,1.00000,1.00000,1.00000,1.00000,0.13530,0.13752,0.21839,0.20363,0.16958,0.19899,0.10276,0.01213,0.00000,0.14233,0.22538,1.00000,1.00000,1.00000,1.00000,1.00000,1.00000,0.19706,0.18190,0.09281,0.00000,0.02026,0.02009,0.04593,0.00000,0.00000,0.02935,1.00000,0.87568,1.00000,0.05485,0.00558,1.00000,0.92241,0.07717,0.04090,0.07645,0.24315,0.17458,0.02047,0.09345,0.00000,0.03792,0.18300,0.11625,0.03086,0.17413,0.08076,1.00000,1.00000,0.06756,0.03751,0.15266,0.10214,0.06745,0.31430,0.12857,0.16922,0.09460,0.21303,0.10845,0.05893,0.13034,0.17370,1.00000,1.00000,0.09723,0.07578,0.27308,0.21733,0.16973,0.11366,0.27076,0.06484,0.03136,0.01306,0.03508,0.28151,0.00000,0.98941,1.00000,1.00000,0.00000,0.07105,0.01931,0.21632,0.06750,0.07158,0.06682,0.00000,0.07029,0.16708,0.00000,0.14672,1.00000,0.88493,1.00000,1.00000,0.14336,0.19946,0.08823,0.14756,0.23007,0.19694,0.12684,0.17920,0.31795,0.21211,0.11099,0.02273,0.11543,1.00000,1.00000,1.00000,0.00000,0.23565,0.08493,0.00000,0.02767,0.19811,0.10264,0.09697,0.20737,0.08303,0.00504,0.00000,0.07584,0.09709,1.00000,1.00000,1.00000,0.19719,0.00000,0.09164,0.05271,0.21175,0.06904,0.04938,0.09633,0.13612,0.16819,0.18507,0.34326,0.11932,0.27069,1.00000,1.00000,0.03037,0.26108,0.06814,0.05085,0.02635,0.00000,0.91244,0.95889,0.21897,0.10636,0.17123,0.00086,0.02449,0.19053,1.00000,1.00000,0.00000,0.13571,0.20700,0.00000,0.04515,0.02527,1.00000,1.00000,1.00000,0.10161,0.32152,0.20238,0.11080,0.18585,1.00000,1.00000,0.12410,0.00000,0.11030,0.18240,0.00000,0.17622,0.98642,1.00000,1.00000,1.00000,0.05594,0.18490,0.15144,0.12714,1.00000,1.00000,0.22450,0.06431,0.12485,0.06441,0.21838,0.13470,0.12992,0.92481,1.00000,1.00000,1.00000,1.00000,1.00000,0.97947,0.85380,1.00000,0.09805,0.12390,0.14382,0.00000,0.18996,0.22490,0.00000,0.19015,1.00000,1.00000,1.00000,1.00000,1.00000,0.88598,1.00000,0.10941,0.12119,0.04948,0.11722,0.03828,0.13137,0.01862,0.00000,0.05868,0.27957,0.12644,1.00000,1.00000,1.00000,1.00000,0.21958,0.00000,0.11093,0.22071,0.22141
3.00000,0.23314,0.21080,0.00372,0.13218,0.06550,0.00000,0.23460,1.00000,1.00000,1.00000,1.00000,1.00000,0.00000,0.27209,0.25403,0.33120,0.04713,0.14914,0.12981,0.00000,1.00000,1.00000,1.00000,1.00000,1.00000,1.00000,1.00000,1.00000,1.00000,1.00000,0.04161,0.00000,0.04363,0.19164,0.12365,1.00000,1.00000,1.00000,1.00000,1.00000,0.26708,0.14798,0.00000,1.00000,0.93586,1.00000,0.00000,0.19292,0.01740,0.00000,0.00000,1.00000,1.00000,1.00000,1.00000,0.14932,0.33001,0.99360,1.00000,1.00000,1.00000,1.00000,0.05815,0.33406,0.00000,0.18739,0.00000,0.16122,0.96990,1.00000,1.00000,0.94548,1.00000,1.00000,1.00000,1.00000,1.00000,0.24678,0.10811,0.03852,0.06572,0.21764,0.08637,0.00000,1.00000,1.00000,1.00000,1.00000,1.00000,1.00000,0.92230,1.00000,0.00000,0.10010,0.07290,0.10276,0.07894,0.15052,0.16771,0.25297,0.24443,0.33219,0.03081,0.24708,0.93360,1.00000,1.00000,0.17037,0.25138,0.12273,0.08431,0.01030,0.00000,0.04331,0.06495,0.00000,0.00000,0.15769,0.00000,0.15774,0.09852,0.17539,1.00000,1.00000,0.38581,0.15421,0.00000,0.29909,0.08746,0.10282,0.14895,0.08949,0.11757,0.02235,0.09648,0.13764,0.17066,0.12129,0.11924,1.00000,1.00000,0.06270,0.00000,0.02948,0.14992,0.00450,0.19371,0.11031,0.00000,0.06511,0.35486,0.10564,0.08699,0.04999,0.19379,0.11892,1.00000,1.00000,0.07263,0.17583,0.18608,0.12021,0.03726,0.25470,0.10454,0.18999,0.10250,0.13236,0.14116,0.09681,0.05714,0.21675,0.89073,1.00000,0.00000,0.14299,0.12416,0.04676,0.06275,0.30280,0.00000,0.32069,0.09583,0.12543,0.32111,0.00000,0.12460,0.24898,1.00000,1.00000,0.12981,0.09935,0.00000,0.04808,0.17339,0.03715,0.00000,0.03673,0.33792,0.00000,0.00000,0.07845,0.00000,1.00000,0.98619,1.00000,0.17777,0.25158,0.00000,0.00000,1.00000,1.00000,0.00000,0.07830,0.22718,0.00000,0.16680,1.00000,1.00000,0.85461,1.00000,1.00000,0.24121,0.16585,0.05885,0.18493,0.05923,1.00000,1.00000,0.94789,1.00000,1.00000,1.00000,0.90829,1.00000,1.00000,1.00000,0.06601,0.00000,0.00000,0.12701,0.00000,0.21444,0.09850,0.03502,0.00000,1.00000,0.92055,1.00000,0.88734,0.12510,0.06374,0.22068,0.16681,0.30657,0.16560
